sound_id,original_fname,sub_category,audioset_class
Lab_211608,211608,Typing,Typing
Lab_352958,352958,Telephone,Telephone
Lab_254723,254723,Squeak,Squeak
Lab_88820,88820,Glass,Glass
Lab_90975,90975,Cowbell,Cowbell
Lab_135699,135699,Glass,Glass
Lab_90546,90546,Cowbell,Cowbell
Lab_267290,267290,Glass,Glass
Lab_273891,273891,Wind chime,Wind chime
Lab_209310,209310,Fireworks,Fireworks
Lab_90541,90541,Cowbell,Cowbell
Lab_186925,186925,Boom,Boom
Lab_228611,228611,Gunshot and gunfire,Gunshot and gunfire
Lab_377687,377687,Bell,Bell
Lab_377723,377723,Bell,Bell
Lab_353928,353928,Shatter,Shatter
Lab_402521,402521,Bell,Bell
Lab_173605,173605,Shatter,Shatter
Lab_408225,408225,Glass,Glass
Lab_318967,318967,Fireworks,Fireworks
Lab_17872,17872,Squeak,Squeak
Lab_345844,345844,Gunshot and gunfire,Gunshot and gunfire
Lab_91187,91187,Cowbell,Cowbell
Lab_198345,198345,Fireworks,Fireworks
Lab_173558,173558,Shatter,Shatter
Lab_109830,109830,Squeak,Squeak
Lab_49168,49168,Wind chime,Wind chime
Lab_152888,152888,Squeak,Squeak
Lab_208696,208696,Shatter,Shatter
Lab_256438,256438,Typing,Typing
Lab_67479,67479,Explosion,Explosion
Lab_372091,372091,Chime,Chime
Lab_40969,40969,Fireworks,Fireworks
Lab_259976,259976,Squeak,Squeak
Lab_204143,204143,Shatter,Shatter
Lab_179173,179173,Dishes and pots and pans,Dishes and pots and pans
Lab_179233,179233,Shatter,Shatter
Lab_186929,186929,Boom,Boom
Lab_2510,2510,Fireworks,Fireworks
Lab_211881,211881,Explosion,Explosion
Lab_89875,89875,Tap,Tap
Lab_238420,238420,Squeak,Squeak
Lab_216290,216290,Shatter,Shatter
Lab_67576,67576,Gunshot and gunfire,Gunshot and gunfire
Lab_144510,144510,Knock,Knock
Lab_126878,126878,Shatter,Shatter
Lab_137034,137034,Gunshot and gunfire,Gunshot and gunfire
Lab_220613,220613,Gunshot and gunfire,Gunshot and gunfire
Lab_136544,136544,Knock,Knock
Lab_62987,62987,Chime,Chime
Lab_369126,369126,Gunshot and gunfire,Gunshot and gunfire
Lab_35866,35866,Bell,Bell
Lab_104367,104367,Squeak,Squeak
Lab_90545,90545,Cowbell,Cowbell
Lab_372917,372917,Knock,Knock
Lab_51709,51709,Chime,Chime
Lab_42113,42113,Squeak,Squeak
Lab_193956,193956,Typewriter,Typewriter
Lab_179230,179230,Shatter,Shatter
Lab_242444,242444,Glass,Glass
Lab_73061,73061,Squeak,Squeak
Lab_89811,89811,Glass,Glass
Lab_89914,89914,Tap,Tap
Lab_377046,377046,Glass,Glass
Lab_80401,80401,Explosion,Explosion
Lab_390718,390718,Shatter,Shatter
Lab_50405,50405,Wind chime,Wind chime
Lab_193955,193955,Typewriter,Typewriter
Lab_416288,416288,Chink and clink,Chink and clink
Lab_11567,11567,Squeak,Squeak
Lab_193973,193973,Typewriter,Typewriter
Lab_138332,138332,Squeak,Squeak
Lab_319943,319943,Typewriter,Typewriter
Lab_65911,65911,Church bell,Church bell
Lab_339638,339638,Chink and clink,Chink and clink
Lab_379407,379407,Chink and clink,Chink and clink
Lab_57464,57464,Squeak,Squeak
Lab_370916,370916,Knock,Knock
Lab_187534,187534,Gunshot and gunfire,Gunshot and gunfire
Lab_387349,387349,Shatter,Shatter
Lab_186013,186013,Typing,Typing
Lab_198351,198351,Fireworks,Fireworks
Lab_234178,234178,Squeak,Squeak
Lab_264135,264135,Squeak,Squeak
Lab_46263,46263,Gunshot and gunfire,Gunshot and gunfire
Lab_275100,275100,Squeak,Squeak
Lab_9679,9679,Fireworks,Fireworks
Lab_162361,162361,Boom,Boom
Lab_133851,133851,Knock,Knock
Lab_140617,140617,Glass,Glass
Lab_162258,162258,Gunshot and gunfire,Gunshot and gunfire
Lab_149268,149268,Bell,Bell
Lab_334963,334963,Computer keyboard,Computer keyboard
Lab_339809,339809,Bell,Bell
Lab_88958,88958,Tap,Tap
Lab_272480,272480,Chink and clink,Chink and clink
Lab_434244,434244,Fireworks,Fireworks
Lab_128294,128294,Gunshot and gunfire,Gunshot and gunfire
Lab_430702,430702,Shatter,Shatter
Lab_238243,238243,Gunshot and gunfire,Gunshot and gunfire
Lab_186531,186531,Chink and clink,Chink and clink
Lab_11728,11728,Squeak,Squeak
Lab_214041,214041,Bell,Bell
Lab_201285,201285,Squeak,Squeak
Lab_113138,113138,Knock,Knock
Lab_193860,193860,Knock,Knock
Lab_322489,322489,Boom,Boom
Lab_209306,209306,Fireworks,Fireworks
Lab_37311,37311,Church bell,Church bell
Lab_397923,397923,Glass,Glass
Lab_341420,341420,Coin (dropping),Coin (dropping)
Lab_260434,260434,Shatter,Shatter
Lab_51038,51038,Tap,Tap
Lab_147213,147213,Squeak,Squeak
Lab_126889,126889,Glass,Glass
Lab_14363,14363,Glass,Glass
Lab_360604,360604,Typewriter,Typewriter
Lab_90973,90973,Cowbell,Cowbell
Lab_10441,10441,Bell,Bell
Lab_155191,155191,Squeak,Squeak
Lab_62969,62969,Chime,Chime
Lab_89597,89597,Boom,Boom
Lab_396423,396423,Glass,Glass
Lab_390707,390707,Shatter,Shatter
Lab_366353,366353,Mechanical fan,Mechanical fan
Lab_54362,54362,Chink and clink,Chink and clink
Lab_411057,411057,Bell,Bell
Lab_268575,268575,Typing,Typing
Lab_53284,53284,Chime,Chime
Lab_399665,399665,Knock,Knock
Lab_67571,67571,Gunshot and gunfire,Gunshot and gunfire
Lab_51715,51715,Chime,Chime
Lab_404073,404073,Squeak,Squeak
Lab_268826,268826,Computer keyboard,Computer keyboard
Lab_162265,162265,Boom,Boom
Lab_426216,426216,Church bell,Church bell
Lab_382823,382823,Cowbell,Cowbell
Lab_245581,245581,Explosion,Explosion
Lab_174189,174189,Bell,Bell
Lab_179174,179174,Dishes and pots and pans,Dishes and pots and pans
Lab_91009,91009,Cowbell,Cowbell
Lab_193975,193975,Fireworks,Fireworks
Lab_365905,365905,Gunshot and gunfire,Gunshot and gunfire
Lab_320135,320135,Gunshot and gunfire,Gunshot and gunfire
Lab_219047,219047,Church bell,Church bell
Lab_122770,122770,Squeak,Squeak
Lab_110459,110459,Chink and clink,Chink and clink
Lab_216299,216299,Shatter,Shatter
Lab_35643,35643,Boom,Boom
Lab_90544,90544,Cowbell,Cowbell
Lab_346211,346211,Squeak,Squeak
Lab_173619,173619,Shatter,Shatter
Lab_426259,426259,Typing,Typing
Lab_145609,145609,Gunshot and gunfire,Gunshot and gunfire
Lab_91159,91159,Cowbell,Cowbell
Lab_90547,90547,Cowbell,Cowbell
Lab_153339,153339,Typing,Typing
Lab_9164,9164,Glass,Glass
Lab_389702,389702,Typing,Typing
Lab_332628,332628,Explosion,Explosion
Lab_257551,257551,Wind chime,Wind chime
Lab_89815,89815,Glass,Glass
Lab_75153,75153,Fireworks,Fireworks
Lab_196378,196378,Bell,Bell
Lab_339654,339654,Chink and clink,Chink and clink
Lab_259974,259974,Squeak,Squeak
Lab_56954,56954,Fireworks,Fireworks
Lab_434273,434273,Fireworks,Fireworks
Lab_339648,339648,Chink and clink,Chink and clink
Lab_264136,264136,Squeak,Squeak
Lab_175261,175261,Explosion,Explosion
Lab_339445,339445,Chime,Chime
Lab_32799,32799,Gunshot and gunfire,Gunshot and gunfire
Lab_91182,91182,Cowbell,Cowbell
Lab_32214,32214,Squeak,Squeak
Lab_93845,93845,Boom,Boom
Lab_331913,331913,Glass,Glass
Lab_235463,235463,Wind chime,Wind chime
Lab_349820,349820,Fireworks,Fireworks
Lab_51464,51464,Explosion,Explosion
Lab_25006,25006,Fireworks,Fireworks
Lab_366179,366179,Shatter,Shatter
Lab_377674,377674,Bell,Bell
Lab_173579,173579,Shatter,Shatter
Lab_67581,67581,Gunshot and gunfire,Gunshot and gunfire
Lab_258180,258180,Ringtone,Ringtone
Lab_46330,46330,Fireworks,Fireworks
Lab_255622,255622,Glass,Glass
Lab_427613,427613,Knock,Knock
Lab_379288,379288,Squeak,Squeak
Lab_413105,413105,Gunshot and gunfire,Gunshot and gunfire
Lab_379130,379130,Glass,Glass
Lab_382805,382805,Cowbell,Cowbell
Lab_24245,24245,Squeak,Squeak
Lab_341412,341412,Coin (dropping),Coin (dropping)
Lab_216286,216286,Shatter,Shatter
Lab_67593,67593,Gunshot and gunfire,Gunshot and gunfire
Lab_216292,216292,Shatter,Shatter
Lab_91924,91924,Bell,Bell
Lab_315826,315826,Explosion,Explosion
Lab_336011,336011,Fireworks,Fireworks
Lab_79434,79434,Bell,Bell
Lab_410763,410763,Knock,Knock
Lab_339647,339647,Chink and clink,Chink and clink
Lab_120200,120200,Squeak,Squeak
Lab_241644,241644,Knock,Knock
Lab_351905,351905,Bell,Bell
Lab_434257,434257,Fireworks,Fireworks
Lab_377648,377648,Bell,Bell
Lab_233606,233606,Shatter,Shatter
Lab_27652,27652,Fireworks,Fireworks
Lab_163456,163456,Gunshot and gunfire,Gunshot and gunfire
Lab_88922,88922,Shatter,Shatter
Lab_255182,255182,Shatter,Shatter
Lab_268557,268557,Explosion,Explosion
Lab_93299,93299,Shatter,Shatter
Lab_193855,193855,Knock,Knock
Lab_43551,43551,Typing,Typing
Lab_347119,347119,Fireworks,Fireworks
Lab_410827,410827,Knock,Knock
